Workbook

Sheet DASHBOARD
B2: DASHBOARD
B3: Micro-obiettivo v5: KPI + grafici (STORICO_STAMPE + SCARTI).
B5: Lavori registrati (OK + Parziale) | C5: =COUNTIF(STORICO_STAMPE!E:E,"OK")+COUNTIF(STORICO_STAMPE!E:E,"Parziale") -> 8 | E5: Consumo per materiale (g) | H5: Costo totale per mese (€)
B6: Preventivi registrati | C6: =COUNTIF(STORICO_STAMPE!E:E,"Preventivo") -> 0 | E6: Materiale | F6: Grammi | H6: Mese | I6: Costo €
B7: Ore stampa totali (OK + Parziale) | C7: =SUMIF(STORICO_STAMPE!E:E,"OK",STORICO_STAMPE!O:O)+SUMIF(STORICO_STAMPE!E:E,"Parziale",STORICO_STAMPE!O:O) -> 28.29 | E7: PLA | F7: =SUMIFS(STORICO_STAMPE!$N:$N,STORICO_STAMPE!$H:$H,"PLA",STORICO_STAMPE!$E:$E,"OK")+SUMIFS(STORICO_STAMPE!$N:$N,STORICO_STAMPE!$H:$H,"PLA",STORICO_STAMPE!$E:$E,"Parziale") -> 632.39 | H7: 2025-09 | I7: =SUMIFS(STORICO_STAMPE!$S:$S,STORICO_STAMPE!$A:$A,">="&DATE(2025,9,1),STORICO_STAMPE!$A:$A,"<"&DATE(2025,10,1),STORICO_STAMPE!$E:$E,"OK")+SUMIFS(STORICO_STAMPE!$S:$S,STORICO_STAMPE!$A:$A,">="&DATE(2025,9,1),STORICO_STAMPE!$A:$A,"<"&DATE(2025,10,1),STORICO_STAMPE!$E:$E,"Parziale") -> 0
B8: Costo totale (OK + Parziale) | C8: =SUMIF(STORICO_STAMPE!E:E,"OK",STORICO_STAMPE!S:S)+SUMIF(STORICO_STAMPE!E:E,"Parziale",STORICO_STAMPE!S:S) -> 36.322375 | E8: PETG | F8: =SUMIFS(STORICO_STAMPE!$N:$N,STORICO_STAMPE!$H:$H,"PETG",STORICO_STAMPE!$E:$E,"OK")+SUMIFS(STORICO_STAMPE!$N:$N,STORICO_STAMPE!$H:$H,"PETG",STORICO_STAMPE!$E:$E,"Parziale") -> 0 | H8: 2025-10 | I8: =SUMIFS(STORICO_STAMPE!$S:$S,STORICO_STAMPE!$A:$A,">="&DATE(2025,10,1),STORICO_STAMPE!$A:$A,"<"&DATE(2025,11,1),STORICO_STAMPE!$E:$E,"OK")+SUMIFS(STORICO_STAMPE!$S:$S,STORICO_STAMPE!$A:$A,">="&DATE(2025,10,1),STORICO_STAMPE!$A:$A,"<"&DATE(2025,11,1),STORICO_STAMPE!$E:$E,"Parziale") -> 0
B9: Ricavi stimati (OK + Parziale) | C9: =SUMIF(STORICO_STAMPE!E:E,"OK",STORICO_STAMPE!R:R)+SUMIF(STORICO_STAMPE!E:E,"Parziale",STORICO_STAMPE!R:R) -> 92 | E9: ABS | F9: =SUMIFS(STORICO_STAMPE!$N:$N,STORICO_STAMPE!$H:$H,"ABS",STORICO_STAMPE!$E:$E,"OK")+SUMIFS(STORICO_STAMPE!$N:$N,STORICO_STAMPE!$H:$H,"ABS",STORICO_STAMPE!$E:$E,"Parziale") -> 0 | H9: 2025-11 | I9: =SUMIFS(STORICO_STAMPE!$S:$S,STORICO_STAMPE!$A:$A,">="&DATE(2025,11,1),STORICO_STAMPE!$A:$A,"<"&DATE(2025,12,1),STORICO_STAMPE!$E:$E,"OK")+SUMIFS(STORICO_STAMPE!$S:$S,STORICO_STAMPE!$A:$A,">="&DATE(2025,11,1),STORICO_STAMPE!$A:$A,"<"&DATE(2025,12,1),STORICO_STAMPE!$E:$E,"Parziale") -> 0
B10: Margine stimato (OK + Parziale) | C10: =SUMIF(STORICO_STAMPE!E:E,"OK",STORICO_STAMPE!T:T)+SUMIF(STORICO_STAMPE!E:E,"Parziale",STORICO_STAMPE!T:T) -> 55.677625 | E10: ASA | F10: =SUMIFS(STORICO_STAMPE!$N:$N,STORICO_STAMPE!$H:$H,"ASA",STORICO_STAMPE!$E:$E,"OK")+SUMIFS(STORICO_STAMPE!$N:$N,STORICO_STAMPE!$H:$H,"ASA",STORICO_STAMPE!$E:$E,"Parziale") -> 0 | H10: 2025-12 | I10: =SUMIFS(STORICO_STAMPE!$S:$S,STORICO_STAMPE!$A:$A,">="&DATE(2025,12,1),STORICO_STAMPE!$A:$A,"<"&DATE(2026,1,1),STORICO_STAMPE!$E:$E,"OK")+SUMIFS(STORICO_STAMPE!$S:$S,STORICO_STAMPE!$A:$A,">="&DATE(2025,12,1),STORICO_STAMPE!$A:$A,"<"&DATE(2026,1,1),STORICO_STAMPE!$E:$E,"Parziale") -> 0
B11: Costo scarti totale | C11: =SUM(SCARTI!H:H) -> 0 | E11: TPU | F11: =SUMIFS(STORICO_STAMPE!$N:$N,STORICO_STAMPE!$H:$H,"TPU",STORICO_STAMPE!$E:$E,"OK")+SUMIFS(STORICO_STAMPE!$N:$N,STORICO_STAMPE!$H:$H,"TPU",STORICO_STAMPE!$E:$E,"Parziale") -> 0 | H11: 2026-01 | I11: =SUMIFS(STORICO_STAMPE!$S:$S,STORICO_STAMPE!$A:$A,">="&DATE(2026,1,1),STORICO_STAMPE!$A:$A,"<"&DATE(2026,2,1),STORICO_STAMPE!$E:$E,"OK")+SUMIFS(STORICO_STAMPE!$S:$S,STORICO_STAMPE!$A:$A,">="&DATE(2026,1,1),STORICO_STAMPE!$A:$A,"<"&DATE(2026,2,1),STORICO_STAMPE!$E:$E,"Parziale") -> 0
E12: NYLON | F12: =SUMIFS(STORICO_STAMPE!$N:$N,STORICO_STAMPE!$H:$H,"NYLON",STORICO_STAMPE!$E:$E,"OK")+SUMIFS(STORICO_STAMPE!$N:$N,STORICO_STAMPE!$H:$H,"NYLON",STORICO_STAMPE!$E:$E,"Parziale") -> 0 | H12: 2026-02 | I12: =SUMIFS(STORICO_STAMPE!$S:$S,STORICO_STAMPE!$A:$A,">="&DATE(2026,2,1),STORICO_STAMPE!$A:$A,"<"&DATE(2026,3,1),STORICO_STAMPE!$E:$E,"OK")+SUMIFS(STORICO_STAMPE!$S:$S,STORICO_STAMPE!$A:$A,">="&DATE(2026,2,1),STORICO_STAMPE!$A:$A,"<"&DATE(2026,3,1),STORICO_STAMPE!$E:$E,"Parziale") -> 36.322375
B13: Nota: i KPI considerano solo Stato=OK/Parziale per costi/ricavi. I preventivi restano a parte.
B17: KPI – Costi vs Margine
B18: Costo medio per pezzo (€) | C18: =IFERROR(SUM(STORICO_STAMPE!$S:$S)/SUM(STORICO_STAMPE!$M:$M),"") -> 0.58584475
B19: Ricavo medio per pezzo (€) | C19: =IFERROR(SUM(STORICO_STAMPE!$R:$R)/SUM(STORICO_STAMPE!$K:$K),"") -> 1.6140351
B20: Margine medio per pezzo (€) | C20: =IFERROR((SUM(STORICO_STAMPE!$R:$R)-SUM(STORICO_STAMPE!$S:$S))/SUM(STORICO_STAMPE!$K:$K),"") -> 0.97680044
B21: Margine medio % | C21: =IFERROR((SUM(STORICO_STAMPE!$R:$R)-SUM(STORICO_STAMPE!$S:$S))/SUM(STORICO_STAMPE!$R:$R),"") -> 0.60519158
B22: Incidenza costi su ricavi % | C22: =IFERROR(SUM(STORICO_STAMPE!$S:$S)/SUM(STORICO_STAMPE!$R:$R),"") -> 0.39480842
B24: KPI – Controllo Prezzi & Perdite
B25: Margine medio per lavoro (€) | C25: =IFERROR((SUMIF(STORICO_STAMPE!$E:$E,"OK",STORICO_STAMPE!$T:$T)+SUMIF(STORICO_STAMPE!$E:$E,"Parziale",STORICO_STAMPE!$T:$T))/(COUNTIF(STORICO_STAMPE!$E:$E,"OK")+COUNTIF(STORICO_STAMPE!$E:$E,"Parziale")),"") -> 6.9597032
B26: % lavori in perdita (OK+Parziale) | C26: =IFERROR((COUNTIFS(STORICO_STAMPE!$E:$E,"OK",STORICO_STAMPE!$T:$T,"<0")+COUNTIFS(STORICO_STAMPE!$E:$E,"Parziale",STORICO_STAMPE!$T:$T,"<0"))/(COUNTIF(STORICO_STAMPE!$E:$E,"OK")+COUNTIF(STORICO_STAMPE!$E:$E,"Parziale")),"") -> 0
B27: Scarti / Ricavi (%) | C27: =IFERROR(SUM(SCARTI!$M:$M)/SUM(STORICO_STAMPE!$R:$R),"") -> 0

Sheet SETTINGS
B2: SETTINGS
B3: Micro-obiettivo v1: parametri globali (celle blu = modificabili).
E4: Colori:
B5: Parametro | C5: Valore | E5: • Celle blu = input utente • Celle grigie = calcolo automatico • Rosso (riga) = Fallita • Colonne nascoste nello storico = dettaglio costi
B6: Costo_kWh_€ | C6: 0.15
B7: Costo_Manodopera_€/h | C7: 10
B8: Margine_% | C8: 0.3
B9: Overhead_% | C9: 0.05 | E9: Liste per Select Box:
B10: Fattore_Rischio_% | C10: 0.05 | E10: STATO_STAMPA | F10: OK | H10: MATERIALE | I10: PLA
B11: Consumabili_€/stampa | C11: 0.5 | F11: Parziale | I11: PETG
B12: Soglia_filamento_basso_g | C12: 150 | F12: Preventivo | I12: ABS
F13: Fallita | I13: ASA
I14: TPU
E15: STATO_FILAMENTO | F15: Disponibile | H15: STATO_SCARTI | I15: Fallita
F16: In uso | I16: Scarto
F17: Finito | I17: Parziale
F18: In arrivo
F19: Da testare
E21: LISTE AGGIUNTIVE (dropdown)
E22: FASE_LAVORO | F22: Da stampare | H22: TIPO_SCARTO | I22: Errore slicing
F23: In stampa | I23: Distacco piatto
F24: Post-processing | I24: Supporti
F25: Pronto consegna | I25: Filamento
F26: Consegnato | I26: Hardware/AMS
I27: Altro
E29: IMPUTABILE_A | F29: Processo
F30: Macchina
F31: Materiale
F32: Umano
F33: Non determinato
E35: NOTE:
E36: • Le liste qui sono usate per i menu a tendina. • Evito di inserire colonne “in mezzo” per non rompere le formule: le nuove colonne sono in coda alle tabelle.

Sheet FILAMENTI_DB
A1: FILAMENTI_DB
A2: Micro-obiettivo v1: database filamenti + calcoli costo €/g e alert filamento basso.
A4: Filament_ID | B4: Marca | C4: Materiale | D4: Tipo | E4: Colore | F4: HEX | G4: Diametro (mm) | H4: Peso_Bobina_g | I4: Prezzo_Bobina_€ | J4: Costo_€/g | K4: Costo_€/kg | L4: Peso_Residuo_g | M4: Valore_Residuo_€ | N4: Stato | O4: Allocazione | P4: Data_Acquisto | Q4: Note | S4: LISTE
A5: PLA-BLK-01 | B5: JAYO | C5: PLA | D5: Plus | E5: Nero | F5: #000000 | G5: 1.75 | H5: 1100 | I5: 8.99 | J5: =IFERROR(I5/H5,"") -> 0.0081727273 | K5: =IFERROR(J5*1000,"") -> 8.1727273 | M5: =IFERROR(L5*J5,"") -> 0 | N5: Finito | O5: N/A | P5: 46003 | Q5: PLA+ | S5: PLA | T5: Disponibile
A6: PLA-BLK-02 | B6: JAYO | C6: PLA | D6: Plus | E6: Nero | F6: #000000 | G6: 1.75 | H6: 1100 | I6: 8.99 | J6: =IFERROR(I6/H6,"") -> 0.0081727273 | K6: =IFERROR(J6*1000,"") -> 8.1727273 | M6: =IFERROR(L6*J6,"") -> 0 | N6: In uso | O6: AMS | P6: 46003 | Q6: PLA+
A7: PLA-BLK-03 | B7: JAYO | C7: PLA | D7: Plus | E7: Nero | F7: #000000 | G7: 1.75 | H7: 1100 | I7: 8.99 | J7: =IFERROR(I7/H7,"") -> 0.0081727273 | K7: =IFERROR(J7*1000,"") -> 8.1727273 | M7: =IFERROR(L7*J7,"") -> 0 | N7: Disponibile | O7: Mobile Balcone | P7: 46003 | Q7: PLA+
A8: PLA-WHT-04 | B8: JAYO | C8: PLA | D8: Plus | E8: Bianco | F8: #FFFFFFF | G8: 1.75 | H8: 1100 | I8: 8.99 | J8: =IFERROR(I8/H8,"") -> 0.0081727273 | K8: =IFERROR(J8*1000,"") -> 8.1727273 | M8: =IFERROR(L8*J8,"") -> 0 | N8: Finito | O8: N/A | P8: 46003 | Q8: PLA+
A9: PLA-WHT-05 | B9: JAYO | C9: PLA | D9: Plus | E9: Bianco | F9: #FFFFFFF | G9: 1.75 | H9: 1100 | I9: 8.99 | J9: =IFERROR(I9/H9,"") -> 0.0081727273 | K9: =IFERROR(J9*1000,"") -> 8.1727273 | M9: =IFERROR(L9*J9,"") -> 0 | N9: Disponibile | O9: Mobile Balcone | P9: 46003 | Q9: PLA+
A10: PLA-WHT-06 | B10: JAYO | C10: PLA | D10: Plus | E10: Bianco | F10: #FFFFFFF | G10: 1.75 | H10: 1100 | I10: 8.99 | J10: =IFERROR(I10/H10,"") -> 0.0081727273 | K10: =IFERROR(J10*1000,"") -> 8.1727273 | M10: =IFERROR(L10*J10,"") -> 0 | N10: Disponibile | O10: Mobile Balcone | P10: 46003 | Q10: PLA+
A11: PLA-RED-07 | B11: SUNLU | C11: PLA | D11: Plus | E11: Red | F11: #FF0400 | G11: 1.75 | H11: 1000 | I11: 13.59 | J11: =IFERROR(I11/H11,"") -> 0.01359 | K11: =IFERROR(J11*1000,"") -> 13.59 | M11: =IFERROR(L11*J11,"") -> 0 | N11: In uso | O11: AMS | P11: 46043 | Q11: https://3dfilamentprofiles.com/filament/details/1570 | S11: PETG | T11: In uso
A12: PLA-WHT-08 | B12: eSun | C12: PLA | D12: Basic | E12: White | F12: #F5FAFF | G12: 1.75 | H12: 1000 | I12: 7.35 | J12: =IFERROR(I12/H12,"") -> 0.00735 | K12: =IFERROR(J12*1000,"") -> 7.35 | M12: =IFERROR(L12*J12,"") -> 0 | N12: In uso | O12: AMS | P12: 46048 | Q12: https://3dfilamentprofiles.com/filament/details/1407 | S12: ABS | T12: Finito
A13: PLA-WHT-09 | B13: eSun | C13: PLA | D13: Basic | E13: White | F13: #F5FAFF | G13: 1.75 | H13: 1000 | I13: 7.35 | J13: =IFERROR(I13/H13,"") -> 0.00735 | K13: =IFERROR(J13*1000,"") -> 7.35 | M13: =IFERROR(L13*J13,"") -> 0 | N13: Disponibile | O13: Mobile Stampante | P13: 46049 | Q13: https://3dfilamentprofiles.com/filament/details/1407 | S13: ASA | T13: Secco
A14: PLA-WHT-10 | B14: eSun | C14: PLA | D14: Plus | E14: Red Fire | F14: #91202B | G14: 1.75 | H14: 1000 | I14: 12.29 | J14: =IFERROR(I14/H14,"") -> 0.01229 | K14: =IFERROR(J14*1000,"") -> 12.29 | M14: =IFERROR(L14*J14,"") -> 0 | N14: Disponibile | O14: Mobile Balcone | P14: 46045 | Q14: https://3dfilamentprofiles.com/filament/details/70 | S14: TPU | T14: Da asciugare
A15: PLA-YWL-11 | B15: eSun | C15: PLA | D15: Plus | E15: Giallo | F15: #FFFF00 | G15: 1.75 | H15: 1000 | I15: 15.56 | J15: =IFERROR(I15/H15,"") -> 0.01556 | K15: =IFERROR(J15*1000,"") -> 15.56 | M15: =IFERROR(L15*J15,"") -> 0 | N15: In uso | O15: Scatola 2 | P15: 46048 | Q15: https://3dfilamentprofiles.com/filament/details/2589 | S15: NYLON
A16: PLA-GRY-12 | B16: SUNLU | C16: PLA | D16: Plus | E16: Grigio | F16: #636767 | G16: 1.75 | H16: 1000 | I16: 17.99 | J16: =IFERROR(I16/H16,"") -> 0.01799 | K16: =IFERROR(J16*1000,"") -> 17.99 | M16: =IFERROR(L16*J16,"") -> 0 | N16: Disponibile | O16: Scatola 2 | P16: 46063 | Q16: https://3dfilamentprofiles.com/filament/details/1193 | S16: PC
A17: PLA-GRN-13 | B17: SUNLU | C17: PLA | D17: Plus | E17: Verde Oliva | F17: #557242 | G17: 1.75 | H17: 1000 | I17: 13.59 | J17: =IFERROR(I17/H17,"") -> 0.01359 | K17: =IFERROR(J17*1000,"") -> 13.59 | M17: =IFERROR(L17*J17,"") -> 0 | N17: In uso | O17: AMS | P17: 46043 | Q17: https://3dfilamentprofiles.com/filament/details/10012 | S17: PVA
A18: PLA-BLK-14 | B18: SUNLU | C18: PLA | D18: Plus | E18: Nero | F18: #000000 | G18: 1.75 | H18: 1000 | I18: 16.99 | J18: =IFERROR(I18/H18,"") -> 0.01699 | K18: =IFERROR(J18*1000,"") -> 16.99 | M18: =IFERROR(L18*J18,"") -> 0 | N18: Disponibile | O18: Mobile Stampante | P18: 46065 | S18: HIPS
A19: PLA-BLK-15 | B19: SUNLU | C19: PLA | D19: PLUS | E19: Nero | F19: #000000 | G19: 1.75 | H19: 1000 | I19: 16.99 | J19: =IFERROR(I19/H19,"") -> 0.01699 | K19: =IFERROR(J19*1000,"") -> 16.99 | M19: =IFERROR(L19*J19,"") -> 0 | N19: Disponibile | O19: Mobile Stampante | S19: Altro
J20: =IFERROR(I20/H20,"") | K20: =IFERROR(J20*1000,"") | M20: =IFERROR(L20*J20,"")
J21: =IFERROR(I21/H21,"") | K21: =IFERROR(J21*1000,"") | M21: =IFERROR(L21*J21,"")
J22: =IFERROR(I22/H22,"") | K22: =IFERROR(J22*1000,"") | M22: =IFERROR(L22*J22,"")
J23: =IFERROR(I23/H23,"") | K23: =IFERROR(J23*1000,"") | M23: =IFERROR(L23*J23,"")
J24: =IFERROR(I24/H24,"") | K24: =IFERROR(J24*1000,"") | M24: =IFERROR(L24*J24,"")
J25: =IFERROR(I25/H25,"") | K25: =IFERROR(J25*1000,"") | M25: =IFERROR(L25*J25,"")
J26: =IFERROR(I26/H26,"") | K26: =IFERROR(J26*1000,"") | M26: =IFERROR(L26*J26,"")
J27: =IFERROR(I27/H27,"") | K27: =IFERROR(J27*1000,"") | M27: =IFERROR(L27*J27,"")
J28: =IFERROR(I28/H28,"") | K28: =IFERROR(J28*1000,"") | M28: =IFERROR(L28*J28,"")
J29: =IFERROR(I29/H29,"") | K29: =IFERROR(J29*1000,"") | M29: =IFERROR(L29*J29,"")
J30: =IFERROR(I30/H30,"") | K30: =IFERROR(J30*1000,"") | M30: =IFERROR(L30*J30,"")
J31: =IFERROR(I31/H31,"") | K31: =IFERROR(J31*1000,"") | M31: =IFERROR(L31*J31,"")
... J509: =IFERROR(I509/H509,"") | K509: =IFERROR(J509*1000,"") | M509: =IFERROR(L509*J509,"")

Sheet STAMPANTI_DB
A1: STAMPANTI_DB
A2: Micro-obiettivo v1: database stampanti + calcolo costo macchina €/h.
A4: Printer_ID | B4: Modello | C4: Potenza_W | D4: Costo_Macchina_€ | E4: Vita_Stimata_h | F4: Deprezzamento_€/h | G4: Manutenzione_€/h | H4: Extra_€/h | I4: Totale_macchina_€/h | J4: Note
A5: P2S | B5: Bambu Lab P2S Combo (AMS) | C5: 150 | D5: 900 | E5: 8000 | F5: =IFERROR(D5/E5,"") -> 0.1125 | G5: 0.2 | H5: 0 | I5: =IFERROR(SUM(F5:H5),"") -> 0.3125
F6: =IFERROR(D6/E6,"") | I6: =IFERROR(SUM(F6:H6),"") -> 0
F7: =IFERROR(D7/E7,"") | I7: =IFERROR(SUM(F7:H7),"") -> 0
F8: =IFERROR(D8/E8,"") | I8: =IFERROR(SUM(F8:H8),"") -> 0
F9: =IFERROR(D9/E9,"") | I9: =IFERROR(SUM(F9:H9),"") -> 0
F10: =IFERROR(D10/E10,"") | I10: =IFERROR(SUM(F10:H10),"") -> 0
F11: =IFERROR(D11/E11,"") | I11: =IFERROR(SUM(F11:H11),"") -> 0
F12: =IFERROR(D12/E12,"") | I12: =IFERROR(SUM(F12:H12),"") -> 0
F13: =IFERROR(D13/E13,"") | I13: =IFERROR(SUM(F13:H13),"") -> 0
F14: =IFERROR(D14/E14,"") | I14: =IFERROR(SUM(F14:H14),"") -> 0
F15: =IFERROR(D15/E15,"") | I15: =IFERROR(SUM(F15:H15),"") -> 0
F16: =IFERROR(D16/E16,"") | I16: =IFERROR(SUM(F16:H16),"") -> 0
F17: =IFERROR(D17/E17,"") | I17: =IFERROR(SUM(F17:H17),"") -> 0
... F303: =IFERROR(D303/E303,"") | I303: =IFERROR(SUM(F303:H303),"") -> 0

Sheet PREVENTIVO
A1: PREVENTIVO
A2: Micro-obiettivo v1: preventivo funzionante (costo filamento preso dal DB + energia a 0,15€/kWh).
A4: INPUT | F4: OUTPUT
A6: Progetto | B6: Karak Mage | F6: Costo €/g | G6: =IFERROR(VLOOKUP(B9,FILAMENTI_DB!$A:$J,10,FALSE),"") -> 0.01556
A7: Cliente | B7: Valerio | F7: Costo filamento | G7: =IFERROR(B11*G6,"") -> 0.12448
A8: Data | B8: 2026-02-09 | F8: Potenza stampante (W) | G8: =IFERROR(VLOOKUP(B10,STAMPANTI_DB!$A:$C,3,FALSE),"") -> 150
A9: Filamento (ID) | B9: PLA-YWL-11 | F9: Costo energia | G9: =IFERROR((G8/1000)*B12*SETTINGS!$C$6,"") -> 0.0225
A10: Stampante (ID) | B10: P2S | F10: Costo macchina (€/h) | G10: =IFERROR(VLOOKUP(B10,STAMPANTI_DB!$A:$I,9,FALSE),"") -> 0.3125
A11: Grammi richiesti (g) | B11: 8 | F11: Costo usura/macchina | G11: =IFERROR(B12*G10,"") -> 0.3125
A12: Tempo stampa (ore) | B12: 1 | F12: Costo manodopera | G12: =IFERROR(B13*SETTINGS!$C$7,"") -> 0.5
A13: Ore manodopera (opz.) | B13: 0.05 | F13: Consumabili | G13: =SETTINGS!$C$11 -> 0.5
F14: Subtotale | G14: =IFERROR(SUM(G7,G9,G11,G12,G13),"") -> 1.45948
A15: ID lavoro (auto) | B15: =IFERROR(TEXT(B8,"yyyymmdd")&"-"&SUBSTITUTE(LEFT(B6,20)," ","_"),"") -> yyyy02dd-Karak_Mage | F15: Overhead | G15: =IFERROR(G14*SETTINGS!$C$9,"") -> 0.072974
A16: NOTE / WORKFLOW | F16: Rischio | G16: =IFERROR((G14+G15)*SETTINGS!$C$10,"") -> 0.0766227
A17: • Per memorizzare un preventivo: usa la funzione Apps Script 'registraPreventivo()' (vedi tab APPS_SCRIPT). • La funzione copia i valori dal PREVENTIVO in STORICO_STAMPE (prima riga libera) e scala automaticamente il residuo filamento. • In STORICO_STAMPE lo Stato verrà salvato come 'Preventivo'. Potrai poi cambiare lo Stato in 'OK'/'Fallita' ecc. | F17: Costo totale | G17: =IFERROR(G14+G15+G16,"") -> 1.6090767
F18: Prezzo consigliato | G18: =IFERROR(G17*(1+SETTINGS!$C$8),"") -> 2.0917997
F19: Margine stimato | G19: =IFERROR(G18-G17,"") -> 0.48272301

Sheet STORICO_STAMPE
A1: STORICO_STAMPE
A2: Compatto e leggibile: blu = input, grigio = calcoli. I dettagli costi sono nascosti (espandibili).
A3: Suggerimento: compila solo le colonne blu. I dettagli costi (colonne nascoste) servono per audit ma non per uso quotidiano.
A4: Data | B4: ID_Lavoro | C4: Progetto | D4: Cliente | E4: Stato | F4: Stampante_ID | G4: Filamento_ID | H4: Materiale | I4: Colore | J4: Grammi_per_pezzo | K4: Qta_pagati | L4: Qta_omaggio | M4: Qta_totale | N4: Grammi_totali | O4: Ore_stampa_tot | P4: Ore_manodopera_tot | Q4: Prezzo_unitario_cliente | R4: Ricavo_cliente | S4: Costo_totale | T4: Margine_cliente | U4: Margine_% | V4: Costo_filamento | W4: Costo_energia | X4: Costo_macchina | Y4: Costo_manodopera | Z4: Consumabili | AA4: Subtotale | AB4: Overhead | AC4: Rischio | AD4: Fase
A5: 46061 | B5: =IFERROR(TEXT(A5,"yyyymmdd")&"-"&SUBSTITUTE(LEFT(C5,20)," ","_")&"-"&TEXT(ROW(A5)-4,"0000"),"") -> yyyy02dd-Sottobicchiere_+_log-0001 | C5: Sottobicchiere + logo | D5: Vineria | E5: OK | F5: P2S | G5: PLA-BLK-01 | H5: =IFERROR(VLOOKUP(G5,FILAMENTI_DB!$A:$C,3,FALSE),"") -> PLA | I5: =IFERROR(VLOOKUP(G5,FILAMENTI_DB!$A:$E,4,FALSE),"") -> Plus | J5: 10.31 | K5: 50 | L5: 5 | M5: =IFERROR(K5+L5,"") -> 55 | N5: =IFERROR(J5*M5,"") -> 567.05 | O5: 22 | P5: 1 | Q5: 1.5 | R5: =IFERROR(Q5*K5,"") -> 75 | S5: =IFERROR(AA5+AB5+AC5,"") -> 24.81104 | T5: =IFERROR(R5-S5,"") -> 50.18896 | U5: =IFERROR(T5/R5,"") -> 0.66918613 | V5: =IFERROR(N5*VLOOKUP(G5,FILAMENTI_DB!$A:$J,10,FALSE),"") -> 4.634345 | W5: =IFERROR((VLOOKUP(F5,STAMPANTI_DB!$A:$C,3,FALSE)/1000)*O5*SETTINGS!$C$6,"") -> 0.495 | X5: =IFERROR(O5*VLOOKUP(F5,STAMPANTI_DB!$A:$I,9,FALSE),"") -> 6.875 | Y5: =IFERROR(P5*SETTINGS!$C$7,"") -> 10 | Z5: =SETTINGS!$C$11 -> 0.5 | AA5: =IFERROR(SUM(V5:Z5),"") -> 22.504345 | AB5: =IFERROR(AA5*SETTINGS!$C$9,"") -> 1.1252173 | AC5: =IFERROR((AA5+AB5)*SETTINGS!$C$10,"") -> 1.1814781 | AD5: Consegnato
A6: 46062 | B6: =IFERROR(TEXT(A6,"yyyymmdd")&"-"&SUBSTITUTE(LEFT(C6,20)," ","_")&"-"&TEXT(ROW(A6)-4,"0000"),"") -> yyyy02dd-Karak_Mage-0002 | C6: Karak Mage | D6: Valerio | E6: OK | F6: P2S | G6: PLA-WHT-08 | H6: =IFERROR(VLOOKUP(G6,FILAMENTI_DB!$A:$C,3,FALSE),"") -> PLA | I6: =IFERROR(VLOOKUP(G6,FILAMENTI_DB!$A:$E,4,FALSE),"") -> Basic | J6: 11.09 | K6: 1 | L6: 0 | M6: =IFERROR(K6+L6,"") -> 1 | N6: =IFERROR(J6*M6,"") -> 11.09 | O6: 1.05 | P6: 0.05 | Q6: 2 | R6: =IFERROR(Q6*K6,"") -> 2 | S6: =IFERROR(AA6+AB6+AC6,"") -> 1.5801708 | T6: =IFERROR(R6-S6,"") -> 0.4198292 | U6: =IFERROR(T6/R6,"") -> 0.2099146 | V6: =IFERROR(N6*VLOOKUP(G6,FILAMENTI_DB!$A:$J,10,FALSE),"") -> 0.0815115 | W6: =IFERROR((VLOOKUP(F6,STAMPANTI_DB!$A:$C,3,FALSE)/1000)*O6*SETTINGS!$C$6,"") -> 0.023625 | X6: =IFERROR(O6*VLOOKUP(F6,STAMPANTI_DB!$A:$I,9,FALSE),"") -> 0.328125 | Y6: =IFERROR(P6*SETTINGS!$C$7,"") -> 0.5 | Z6: =SETTINGS!$C$11 -> 0.5 | AA6: =IFERROR(SUM(V6:Z6),"") -> 1.4332615 | AB6: =IFERROR(AA6*SETTINGS!$C$9,"") -> 0.071663075 | AC6: =IFERROR((AA6+AB6)*SETTINGS!$C$10,"") -> 0.075246229 | AD6: Pronto consegna
A7: 46063 | B7: =IFERROR(TEXT(A7,"yyyymmdd")&"-"&SUBSTITUTE(LEFT(C7,20)," ","_")&"-"&TEXT(ROW(A7)-4,"0000"),"") -> yyyy02dd-Karak_Warlock-0003 | C7: Karak Warlock | D7: Valerio | E7: OK | F7: P2S | G7: PLA-BLK-02 | H7: =IFERROR(VLOOKUP(G7,FILAMENTI_DB!$A:$C,3,FALSE),"") -> PLA | I7: =IFERROR(VLOOKUP(G7,FILAMENTI_DB!$A:$E,4,FALSE),"") -> Plus | J7: 11.24 | K7: 1 | L7: 0 | M7: =IFERROR(K7+L7,"") -> 1 | N7: =IFERROR(J7*M7,"") -> 11.24 | O7: 1.07 | P7: 0.05 | Q7: 2 | R7: =IFERROR(Q7*K7,"") -> 2 | S7: =IFERROR(AA7+AB7+AC7,"") -> 1.5989684 | T7: =IFERROR(R7-S7,"") -> 0.40103162 | U7: =IFERROR(T7/R7,"") -> 0.20051581 | V7: =IFERROR(N7*VLOOKUP(G7,FILAMENTI_DB!$A:$J,10,FALSE),"") -> 0.091861455 | W7: =IFERROR((VLOOKUP(F7,STAMPANTI_DB!$A:$C,3,FALSE)/1000)*O7*SETTINGS!$C$6,"") -> 0.024075 | X7: =IFERROR(O7*VLOOKUP(F7,STAMPANTI_DB!$A:$I,9,FALSE),"") -> 0.334375 | Y7: =IFERROR(P7*SETTINGS!$C$7,"") -> 0.5 | Z7: =SETTINGS!$C$11 -> 0.5 | AA7: =IFERROR(SUM(V7:Z7),"") -> 1.4503115 | AB7: =IFERROR(AA7*SETTINGS!$C$9,"") -> 0.072515573 | AC7: =IFERROR((AA7+AB7)*SETTINGS!$C$10,"") -> 0.076141351 | AD7: Pronto consegna
A8: 46063 | B8: =IFERROR(TEXT(A8,"yyyymmdd")&"-"&SUBSTITUTE(LEFT(C8,20)," ","_")&"-"&TEXT(ROW(A8)-4,"0000"),"") -> yyyy02dd-Karak_Spartan-0004 | C8: Karak Spartan | D8: Valerio | E8: OK | F8: P2S | G8: PLA-RED-07 | H8: =IFERROR(VLOOKUP(G8,FILAMENTI_DB!$A:$C,3,FALSE),"") -> PLA | I8: =IFERROR(VLOOKUP(G8,FILAMENTI_DB!$A:$E,4,FALSE),"") -> Plus | J8: 11.3 | K8: 1 | L8: 0 | M8: =IFERROR(K8+L8,"") -> 1 | N8: =IFERROR(J8*M8,"") -> 11.3 | O8: 1.13 | P8: 0.05 | Q8: 2 | R8: =IFERROR(Q8*K8,"") -> 2 | S8: =IFERROR(AA8+AB8+AC8,"") -> 1.689159 | T8: =IFERROR(R8-S8,"") -> 0.31084101 | U8: =IFERROR(T8/R8,"") -> 0.1554205 | V8: =IFERROR(N8*VLOOKUP(G8,FILAMENTI_DB!$A:$J,10,FALSE),"") -> 0.153567 | W8: =IFERROR((VLOOKUP(F8,STAMPANTI_DB!$A:$C,3,FALSE)/1000)*O8*SETTINGS!$C$6,"") -> 0.025425 | X8: =IFERROR(O8*VLOOKUP(F8,STAMPANTI_DB!$A:$I,9,FALSE),"") -> 0.353125 | Y8: =IFERROR(P8*SETTINGS!$C$7,"") -> 0.5 | Z8: =SETTINGS!$C$11 -> 0.5 | AA8: =IFERROR(SUM(V8:Z8),"") -> 1.532117 | AB8: =IFERROR(AA8*SETTINGS!$C$9,"") -> 0.07660585 | AC8: =IFERROR((AA8+AB8)*SETTINGS!$C$10,"") -> 0.080436143 | AD8: Pronto consegna
A9: 46063 | B9: =IFERROR(TEXT(A9,"yyyymmdd")&"-"&SUBSTITUTE(LEFT(C9,20)," ","_")&"-"&TEXT(ROW(A9)-4,"0000"),"") -> yyyy02dd-Karak_BallGirl-0005 | C9: Karak BallGirl | D9: Valerio | E9: OK | F9: P2S | G9: PLA-YWL-11 | H9: =IFERROR(VLOOKUP(G9,FILAMENTI_DB!$A:$C,3,FALSE),"") -> PLA | I9: =IFERROR(VLOOKUP(G9,FILAMENTI_DB!$A:$E,4,FALSE),"") -> Plus | J9: 6.62 | K9: 1 | L9: 0 | M9: =IFERROR(K9+L9,"") -> 1 | N9: =IFERROR(J9*M9,"") -> 6.62 | O9: 0.55 | P9: 0.05 | Q9: 2 | R9: =IFERROR(Q9*K9,"") -> 2 | S9: =IFERROR(AA9+AB9+AC9,"") -> 1.4192011 | T9: =IFERROR(R9-S9,"") -> 0.58079894 | U9: =IFERROR(T9/R9,"") -> 0.29039947 | V9: =IFERROR(N9*VLOOKUP(G9,FILAMENTI_DB!$A:$J,10,FALSE),"") -> 0.1030072 | W9: =IFERROR((VLOOKUP(F9,STAMPANTI_DB!$A:$C,3,FALSE)/1000)*O9*SETTINGS!$C$6,"") -> 0.012375 | X9: =IFERROR(O9*VLOOKUP(F9,STAMPANTI_DB!$A:$I,9,FALSE),"") -> 0.171875 | Y9: =IFERROR(P9*SETTINGS!$C$7,"") -> 0.5 | Z9: =SETTINGS!$C$11 -> 0.5 | AA9: =IFERROR(SUM(V9:Z9),"") -> 1.2872572 | AB9: =IFERROR(AA9*SETTINGS!$C$9,"") -> 0.06436286 | AC9: =IFERROR((AA9+AB9)*SETTINGS!$C$10,"") -> 0.067581003 | AD9: Pronto consegna
A10: 46063 | B10: =IFERROR(TEXT(A10,"yyyymmdd")&"-"&SUBSTITUTE(LEFT(C10,20)," ","_")&"-"&TEXT(ROW(A10)-4,"0000"),"") -> yyyy02dd-Karak_Knight-0006 | C10: Karak Knight | D10: Valerio | E10: OK | F10: P2S | G10: PLA-GRY-12 | H10: =IFERROR(VLOOKUP(G10,FILAMENTI_DB!$A:$C,3,FALSE),"") -> PLA | I10: =IFERROR(VLOOKUP(G10,FILAMENTI_DB!$A:$E,4,FALSE),"") -> Plus | J10: 12.44 | K10: 1 | L10: 0 | M10: =IFERROR(K10+L10,"") -> 1 | N10: =IFERROR(J10*M10,"") -> 12.44 | O10: 1.21 | P10: 0.05 | Q10: 2 | R10: =IFERROR(Q10*K10,"") -> 2 | S10: =IFERROR(AA10+AB10+AC10,"") -> 1.796133 | T10: =IFERROR(R10-S10,"") -> 0.20386698 | U10: =IFERROR(T10/R10,"") -> 0.10193349 | V10: =IFERROR(N10*VLOOKUP(G10,FILAMENTI_DB!$A:$J,10,FALSE),"") -> 0.2237956 | W10: =IFERROR((VLOOKUP(F10,STAMPANTI_DB!$A:$C,3,FALSE)/1000)*O10*SETTINGS!$C$6,"") -> 0.027225 | X10: =IFERROR(O10*VLOOKUP(F10,STAMPANTI_DB!$A:$I,9,FALSE),"") -> 0.378125 | Y10: =IFERROR(P10*SETTINGS!$C$7,"") -> 0.5 | Z10: =SETTINGS!$C$11 -> 0.5 | AA10: =IFERROR(SUM(V10:Z10),"") -> 1.6291456 | AB10: =IFERROR(AA10*SETTINGS!$C$9,"") -> 0.08145728 | AC10: =IFERROR((AA10+AB10)*SETTINGS!$C$10,"") -> 0.085530144 | AD10: Pronto consegna
A11: 46063 | B11: =IFERROR(TEXT(A11,"yyyymmdd")&"-"&SUBSTITUTE(LEFT(C11,20)," ","_")&"-"&TEXT(ROW(A11)-4,"0000"),"") -> yyyy02dd-Karak_Scout-0007 | C11: Karak Scout | D11: Valerio | E11: OK | F11: P2S | G11: PLA-GRN-13 | H11: =IFERROR(VLOOKUP(G11,FILAMENTI_DB!$A:$C,3,FALSE),"") -> PLA | I11: =IFERROR(VLOOKUP(G11,FILAMENTI_DB!$A:$E,4,FALSE),"") -> Plus | J11: 8.43 | K11: 1 | L11: 0 | M11: =IFERROR(K11+L11,"") -> 1 | N11: =IFERROR(J11*M11,"") -> 8.43 | O11: 1 | P11: 0.05 | Q11: 2 | R11: =IFERROR(Q11*K11,"") -> 2 | S11: =IFERROR(AA11+AB11+AC11,"") -> 1.598144 | T11: =IFERROR(R11-S11,"") -> 0.40185602 | U11: =IFERROR(T11/R11,"") -> 0.20092801 | V11: =IFERROR(N11*VLOOKUP(G11,FILAMENTI_DB!$A:$J,10,FALSE),"") -> 0.1145637 | W11: =IFERROR((VLOOKUP(F11,STAMPANTI_DB!$A:$C,3,FALSE)/1000)*O11*SETTINGS!$C$6,"") -> 0.0225 | X11: =IFERROR(O11*VLOOKUP(F11,STAMPANTI_DB!$A:$I,9,FALSE),"") -> 0.3125 | Y11: =IFERROR(P11*SETTINGS!$C$7,"") -> 0.5 | Z11: =SETTINGS!$C$11 -> 0.5 | AA11: =IFERROR(SUM(V11:Z11),"") -> 1.4495637 | AB11: =IFERROR(AA11*SETTINGS!$C$9,"") -> 0.072478185 | AC11: =IFERROR((AA11+AB11)*SETTINGS!$C$10,"") -> 0.076102094 | AD11: Pronto consegna
A12: 46063 | B12: =IFERROR(TEXT(A12,"yyyymmdd")&"-"&SUBSTITUTE(LEFT(C12,20)," ","_")&"-"&TEXT(ROW(A12)-4,"0000"),"") -> yyyy02dd-Portachiavi_Croce_+_-0008 | C12: Portachiavi Croce + Frase | D12: Ludovica | E12: OK | F12: P2S | G12: PLA-YWL-11 | H12: =IFERROR(VLOOKUP(G12,FILAMENTI_DB!$A:$C,3,FALSE),"") -> PLA | I12: =IFERROR(VLOOKUP(G12,FILAMENTI_DB!$A:$E,4,FALSE),"") -> Plus | J12: 4.22 | K12: 1 | L12: 0 | M12: =IFERROR(K12+L12,"") -> 1 | N12: =IFERROR(J12*M12,"") -> 4.22 | O12: 0.28 | P12: 0.1 | Q12: 5 | R12: =IFERROR(Q12*K12,"") -> 5 | S12: =IFERROR(AA12+AB12+AC12,"") -> 1.8295582 | T12: =IFERROR(R12-S12,"") -> 3.1704418 | U12: =IFERROR(T12/R12,"") -> 0.63408836 | V12: =IFERROR(N12*VLOOKUP(G12,FILAMENTI_DB!$A:$J,10,FALSE),"") -> 0.0656632 | W12: =IFERROR((VLOOKUP(F12,STAMPANTI_DB!$A:$C,3,FALSE)/1000)*O12*SETTINGS!$C$6,"") -> 0.0063 | X12: =IFERROR(O12*VLOOKUP(F12,STAMPANTI_DB!$A:$I,9,FALSE),"") -> 0.0875 | Y12: =IFERROR(P12*SETTINGS!$C$7,"") -> 1 | Z12: =SETTINGS!$C$11 -> 0.5 | AA12: =IFERROR(SUM(V12:Z12),"") -> 1.6594632 | AB12: =IFERROR(AA12*SETTINGS!$C$9,"") -> 0.08297316 | AC12: =IFERROR((AA12+AB12)*SETTINGS!$C$10,"") -> 0.087121818 | AD12: Pronto consegna
H13: =IFERROR(VLOOKUP(G13,FILAMENTI_DB!$A:$C,3,FALSE),"") | I13: =IFERROR(VLOOKUP(G13,FILAMENTI_DB!$A:$E,4,FALSE),"") | M13: =IFERROR(K13+L13,"") -> 0 | N13: =IFERROR(J13*M13,"") -> 0 | R13: =IFERROR(Q13*K13,"") -> 0 | T13: =IFERROR(R13-S13,"") -> 0 | U13: =IFERROR(T13/R13,"") | V13: =IFERROR(N13*VLOOKUP(G13,FILAMENTI_DB!$A:$J,10,FALSE),"") | W13: =IFERROR((VLOOKUP(F13,STAMPANTI_DB!$A:$C,3,FALSE)/1000)*O13*SETTINGS!$C$6,"") | X13: =IFERROR(O13*VLOOKUP(F13,STAMPANTI_DB!$A:$I,9,FALSE),"") | Y13: =IFERROR(P13*SETTINGS!$C$7,"") -> 0 | Z13: =SETTINGS!$C$11 -> 0.5 | AA13: =IFERROR(SUM(V13:Z13),"") -> 0.5 | AB13: =IFERROR(AA13*SETTINGS!$C$9,"") -> 0.025 | AC13: =IFERROR((AA13+AB13)*SETTINGS!$C$10,"") -> 0.02625
H14: =IFERROR(VLOOKUP(G14,FILAMENTI_DB!$A:$C,3,FALSE),"") | I14: =IFERROR(VLOOKUP(G14,FILAMENTI_DB!$A:$E,4,FALSE),"") | M14: =IFERROR(K14+L14,"") -> 0 | N14: =IFERROR(J14*M14,"") -> 0 | R14: =IFERROR(Q14*K14,"") -> 0 | T14: =IFERROR(R14-S14,"") -> 0 | U14: =IFERROR(T14/R14,"") | V14: =IFERROR(N14*VLOOKUP(G14,FILAMENTI_DB!$A:$J,10,FALSE),"") | W14: =IFERROR((VLOOKUP(F14,STAMPANTI_DB!$A:$C,3,FALSE)/1000)*O14*SETTINGS!$C$6,"") | X14: =IFERROR(O14*VLOOKUP(F14,STAMPANTI_DB!$A:$I,9,FALSE),"") | Y14: =IFERROR(P14*SETTINGS!$C$7,"") -> 0 | Z14: =SETTINGS!$C$11 -> 0.5 | AA14: =IFERROR(SUM(V14:Z14),"") -> 0.5 | AB14: =IFERROR(AA14*SETTINGS!$C$9,"") -> 0.025 | AC14: =IFERROR((AA14+AB14)*SETTINGS!$C$10,"") -> 0.02625
H15: =IFERROR(VLOOKUP(G15,FILAMENTI_DB!$A:$C,3,FALSE),"") | I15: =IFERROR(VLOOKUP(G15,FILAMENTI_DB!$A:$E,4,FALSE),"") | M15: =IFERROR(K15+L15,"") -> 0 | N15: =IFERROR(J15*M15,"") -> 0 | R15: =IFERROR(Q15*K15,"") -> 0 | T15: =IFERROR(R15-S15,"") -> 0 | U15: =IFERROR(T15/R15,"") | V15: =IFERROR(N15*VLOOKUP(G15,FILAMENTI_DB!$A:$J,10,FALSE),"") | W15: =IFERROR((VLOOKUP(F15,STAMPANTI_DB!$A:$C,3,FALSE)/1000)*O15*SETTINGS!$C$6,"") | X15: =IFERROR(O15*VLOOKUP(F15,STAMPANTI_DB!$A:$I,9,FALSE),"") | Y15: =IFERROR(P15*SETTINGS!$C$7,"") -> 0 | Z15: =SETTINGS!$C$11 -> 0.5 | AA15: =IFERROR(SUM(V15:Z15),"") -> 0.5 | AB15: =IFERROR(AA15*SETTINGS!$C$9,"") -> 0.025 | AC15: =IFERROR((AA15+AB15)*SETTINGS!$C$10,"") -> 0.02625
H16: =IFERROR(VLOOKUP(G16,FILAMENTI_DB!$A:$C,3,FALSE),"") | I16: =IFERROR(VLOOKUP(G16,FILAMENTI_DB!$A:$E,4,FALSE),"") | M16: =IFERROR(K16+L16,"") -> 0 | N16: =IFERROR(J16*M16,"") -> 0 | R16: =IFERROR(Q16*K16,"") -> 0 | T16: =IFERROR(R16-S16,"") -> 0 | U16: =IFERROR(T16/R16,"") | V16: =IFERROR(N16*VLOOKUP(G16,FILAMENTI_DB!$A:$J,10,FALSE),"") | W16: =IFERROR((VLOOKUP(F16,STAMPANTI_DB!$A:$C,3,FALSE)/1000)*O16*SETTINGS!$C$6,"") | X16: =IFERROR(O16*VLOOKUP(F16,STAMPANTI_DB!$A:$I,9,FALSE),"") | Y16: =IFERROR(P16*SETTINGS!$C$7,"") -> 0 | Z16: =SETTINGS!$C$11 -> 0.5 | AA16: =IFERROR(SUM(V16:Z16),"") -> 0.5 | AB16: =IFERROR(AA16*SETTINGS!$C$9,"") -> 0.025 | AC16: =IFERROR((AA16+AB16)*SETTINGS!$C$10,"") -> 0.02625
H17: =IFERROR(VLOOKUP(G17,FILAMENTI_DB!$A:$C,3,FALSE),"") | I17: =IFERROR(VLOOKUP(G17,FILAMENTI_DB!$A:$E,4,FALSE),"") | M17: =IFERROR(K17+L17,"") -> 0 | N17: =IFERROR(J17*M17,"") -> 0 | R17: =IFERROR(Q17*K17,"") -> 0 | T17: =IFERROR(R17-S17,"") -> 0 | U17: =IFERROR(T17/R17,"") | V17: =IFERROR(N17*VLOOKUP(G17,FILAMENTI_DB!$A:$J,10,FALSE),"") | W17: =IFERROR((VLOOKUP(F17,STAMPANTI_DB!$A:$C,3,FALSE)/1000)*O17*SETTINGS!$C$6,"") | X17: =IFERROR(O17*VLOOKUP(F17,STAMPANTI_DB!$A:$I,9,FALSE),"") | Y17: =IFERROR(P17*SETTINGS!$C$7,"") -> 0 | Z17: =SETTINGS!$C$11 -> 0.5 | AA17: =IFERROR(SUM(V17:Z17),"") -> 0.5 | AB17: =IFERROR(AA17*SETTINGS!$C$9,"") -> 0.025 | AC17: =IFERROR((AA17+AB17)*SETTINGS!$C$10,"") -> 0.02625
H18: =IFERROR(VLOOKUP(G18,FILAMENTI_DB!$A:$C,3,FALSE),"") | I18: =IFERROR(VLOOKUP(G18,FILAMENTI_DB!$A:$E,4,FALSE),"") | M18: =IFERROR(K18+L18,"") -> 0 | N18: =IFERROR(J18*M18,"") -> 0 | R18: =IFERROR(Q18*K18,"") -> 0 | T18: =IFERROR(R18-S18,"") -> 0 | U18: =IFERROR(T18/R18,"") | V18: =IFERROR(N18*VLOOKUP(G18,FILAMENTI_DB!$A:$J,10,FALSE),"") | W18: =IFERROR((VLOOKUP(F18,STAMPANTI_DB!$A:$C,3,FALSE)/1000)*O18*SETTINGS!$C$6,"") | X18: =IFERROR(O18*VLOOKUP(F18,STAMPANTI_DB!$A:$I,9,FALSE),"") | Y18: =IFERROR(P18*SETTINGS!$C$7,"") -> 0 | Z18: =SETTINGS!$C$11 -> 0.5 | AA18: =IFERROR(SUM(V18:Z18),"") -> 0.5 | AB18: =IFERROR(AA18*SETTINGS!$C$9,"") -> 0.025 | AC18: =IFERROR((AA18+AB18)*SETTINGS!$C$10,"") -> 0.02625
H19: =IFERROR(VLOOKUP(G19,FILAMENTI_DB!$A:$C,3,FALSE),"") | I19: =IFERROR(VLOOKUP(G19,FILAMENTI_DB!$A:$E,4,FALSE),"") | M19: =IFERROR(K19+L19,"") -> 0 | N19: =IFERROR(J19*M19,"") -> 0 | R19: =IFERROR(Q19*K19,"") -> 0 | T19: =IFERROR(R19-S19,"") -> 0 | U19: =IFERROR(T19/R19,"") | V19: =IFERROR(N19*VLOOKUP(G19,FILAMENTI_DB!$A:$J,10,FALSE),"") | W19: =IFERROR((VLOOKUP(F19,STAMPANTI_DB!$A:$C,3,FALSE)/1000)*O19*SETTINGS!$C$6,"") | X19: =IFERROR(O19*VLOOKUP(F19,STAMPANTI_DB!$A:$I,9,FALSE),"") | Y19: =IFERROR(P19*SETTINGS!$C$7,"") -> 0 | Z19: =SETTINGS!$C$11 -> 0.5 | AA19: =IFERROR(SUM(V19:Z19),"") -> 0.5 | AB19: =IFERROR(AA19*SETTINGS!$C$9,"") -> 0.025 | AC19: =IFERROR((AA19+AB19)*SETTINGS!$C$10,"") -> 0.02625
H20: =IFERROR(VLOOKUP(G20,FILAMENTI_DB!$A:$C,3,FALSE),"") | I20: =IFERROR(VLOOKUP(G20,FILAMENTI_DB!$A:$E,4,FALSE),"") | M20: =IFERROR(K20+L20,"") -> 0 | N20: =IFERROR(J20*M20,"") -> 0 | R20: =IFERROR(Q20*K20,"") -> 0 | T20: =IFERROR(R20-S20,"") -> 0 | U20: =IFERROR(T20/R20,"") | V20: =IFERROR(N20*VLOOKUP(G20,FILAMENTI_DB!$A:$J,10,FALSE),"") | W20: =IFERROR((VLOOKUP(F20,STAMPANTI_DB!$A:$C,3,FALSE)/1000)*O20*SETTINGS!$C$6,"") | X20: =IFERROR(O20*VLOOKUP(F20,STAMPANTI_DB!$A:$I,9,FALSE),"") | Y20: =IFERROR(P20*SETTINGS!$C$7,"") -> 0 | Z20: =SETTINGS!$C$11 -> 0.5 | AA20: =IFERROR(SUM(V20:Z20),"") -> 0.5 | AB20: =IFERROR(AA20*SETTINGS!$C$9,"") -> 0.025 | AC20: =IFERROR((AA20+AB20)*SETTINGS!$C$10,"") -> 0.02625
H21: =IFERROR(VLOOKUP(G21,FILAMENTI_DB!$A:$C,3,FALSE),"") | I21: =IFERROR(VLOOKUP(G21,FILAMENTI_DB!$A:$E,4,FALSE),"") | M21: =IFERROR(K21+L21,"") -> 0 | N21: =IFERROR(J21*M21,"") -> 0 | R21: =IFERROR(Q21*K21,"") -> 0 | T21: =IFERROR(R21-S21,"") -> 0 | U21: =IFERROR(T21/R21,"") | V21: =IFERROR(N21*VLOOKUP(G21,FILAMENTI_DB!$A:$J,10,FALSE),"") | W21: =IFERROR((VLOOKUP(F21,STAMPANTI_DB!$A:$C,3,FALSE)/1000)*O21*SETTINGS!$C$6,"") | X21: =IFERROR(O21*VLOOKUP(F21,STAMPANTI_DB!$A:$I,9,FALSE),"") | Y21: =IFERROR(P21*SETTINGS!$C$7,"") -> 0 | Z21: =SETTINGS!$C$11 -> 0.5 | AA21: =IFERROR(SUM(V21:Z21),"") -> 0.5 | AB21: =IFERROR(AA21*SETTINGS!$C$9,"") -> 0.025 | AC21: =IFERROR((AA21+AB21)*SETTINGS!$C$10,"") -> 0.02625
H22: =IFERROR(VLOOKUP(G22,FILAMENTI_DB!$A:$C,3,FALSE),"") | I22: =IFERROR(VLOOKUP(G22,FILAMENTI_DB!$A:$E,4,FALSE),"") | M22: =IFERROR(K22+L22,"") -> 0 | N22: =IFERROR(J22*M22,"") -> 0 | R22: =IFERROR(Q22*K22,"") -> 0 | T22: =IFERROR(R22-S22,"") -> 0 | U22: =IFERROR(T22/R22,"") | V22: =IFERROR(N22*VLOOKUP(G22,FILAMENTI_DB!$A:$J,10,FALSE),"") | W22: =IFERROR((VLOOKUP(F22,STAMPANTI_DB!$A:$C,3,FALSE)/1000)*O22*SETTINGS!$C$6,"") | X22: =IFERROR(O22*VLOOKUP(F22,STAMPANTI_DB!$A:$I,9,FALSE),"") | Y22: =IFERROR(P22*SETTINGS!$C$7,"") -> 0 | Z22: =SETTINGS!$C$11 -> 0.5 | AA22: =IFERROR(SUM(V22:Z22),"") -> 0.5 | AB22: =IFERROR(AA22*SETTINGS!$C$9,"") -> 0.025 | AC22: =IFERROR((AA22+AB22)*SETTINGS!$C$10,"") -> 0.02625
H23: =IFERROR(VLOOKUP(G23,FILAMENTI_DB!$A:$C,3,FALSE),"") | I23: =IFERROR(VLOOKUP(G23,FILAMENTI_DB!$A:$E,4,FALSE),"") | M23: =IFERROR(K23+L23,"") -> 0 | N23: =IFERROR(J23*M23,"") -> 0 | R23: =IFERROR(Q23*K23,"") -> 0 | T23: =IFERROR(R23-S23,"") -> 0 | U23: =IFERROR(T23/R23,"") | V23: =IFERROR(N23*VLOOKUP(G23,FILAMENTI_DB!$A:$J,10,FALSE),"") | W23: =IFERROR((VLOOKUP(F23,STAMPANTI_DB!$A:$C,3,FALSE)/1000)*O23*SETTINGS!$C$6,"") | X23: =IFERROR(O23*VLOOKUP(F23,STAMPANTI_DB!$A:$I,9,FALSE),"") | Y23: =IFERROR(P23*SETTINGS!$C$7,"") -> 0 | Z23: =SETTINGS!$C$11 -> 0.5 | AA23: =IFERROR(SUM(V23:Z23),"") -> 0.5 | AB23: =IFERROR(AA23*SETTINGS!$C$9,"") -> 0.025 | AC23: =IFERROR((AA23+AB23)*SETTINGS!$C$10,"") -> 0.02625
H24: =IFERROR(VLOOKUP(G24,FILAMENTI_DB!$A:$C,3,FALSE),"") | I24: =IFERROR(VLOOKUP(G24,FILAMENTI_DB!$A:$E,4,FALSE),"") | M24: =IFERROR(K24+L24,"") -> 0 | N24: =IFERROR(J24*M24,"") -> 0 | R24: =IFERROR(Q24*K24,"") -> 0 | T24: =IFERROR(R24-S24,"") -> 0 | U24: =IFERROR(T24/R24,"") | V24: =IFERROR(N24*VLOOKUP(G24,FILAMENTI_DB!$A:$J,10,FALSE),"") | W24: =IFERROR((VLOOKUP(F24,STAMPANTI_DB!$A:$C,3,FALSE)/1000)*O24*SETTINGS!$C$6,"") | X24: =IFERROR(O24*VLOOKUP(F24,STAMPANTI_DB!$A:$I,9,FALSE),"") | Y24: =IFERROR(P24*SETTINGS!$C$7,"") -> 0 | Z24: =SETTINGS!$C$11 -> 0.5 | AA24: =IFERROR(SUM(V24:Z24),"") -> 0.5 | AB24: =IFERROR(AA24*SETTINGS!$C$9,"") -> 0.025 | AC24: =IFERROR((AA24+AB24)*SETTINGS!$C$10,"") -> 0.02625
... H999: =IFERROR(VLOOKUP(G999,FILAMENTI_DB!$A:$C,3,FALSE),"") | I999: =IFERROR(VLOOKUP(G999,FILAMENTI_DB!$A:$E,4,FALSE),"") | M999: =IFERROR(K999+L999,"") -> 0 | N999: =IFERROR(J999*M999,"") -> 0 | R999: =IFERROR(Q999*K999,"") -> 0 | T999: =IFERROR(R999-S999,"") -> 0 | U999: =IFERROR(T999/R999,"") | V999: =IFERROR(N999*VLOOKUP(G999,FILAMENTI_DB!$A:$J,10,FALSE),"") | W999: =IFERROR((VLOOKUP(F999,STAMPANTI_DB!$A:$C,3,FALSE)/1000)*O999*SETTINGS!$C$6,"") | X999: =IFERROR(O999*VLOOKUP(F999,STAMPANTI_DB!$A:$I,9,FALSE),"") | Y999: =IFERROR(P999*SETTINGS!$C$7,"") -> 0 | Z999: =SETTINGS!$C$11 -> 0.5 | AA999: =IFERROR(SUM(V999:Z999),"") -> 0.5 | AB999: =IFERROR(AA999*SETTINGS!$C$9,"") -> 0.025 | AC999: =IFERROR((AA999+AB999)*SETTINGS!$C$10,"") -> 0.02625

Sheet SCARTI
A1: SCARTI
A2: Micro-obiettivo v3: log scarti/fallimenti con costo stimato. Colonne blu = input.
A3: SCARTI = registro sprechi/fallimenti. Compila Tipo_scarto e Imputabile_a per analisi. Il costo scarto viene stimato automaticamente.
A4: Data | B4: Stato | C4: Stampante_ID | D4: Filamento_ID | E4: Grammi persi | F4: Ore perse | G4: Motivo | H4: Costo stimato | I4: ID_Lavoro (link) | J4: STATO_SCARTI | K4: Tipo_scarto | L4: Imputabile_a | M4: Costo_scarto
A5: 2026-02-09 | B5: Scarto | C5: P1S | D5: PLA-BLK-01 | E5: 20 | F5: 0.3 | G5: Test: distacco dal piatto | H5: =IFERROR(E5*VLOOKUP(D5,FILAMENTI_DB!$A:$J,8,FALSE)+(VLOOKUP(C5,STAMPANTI_DB!$A:$C,3,FALSE)/1000)*F5*SETTINGS!$C$6+F5*VLOOKUP(C5,STAMPANTI_DB!$A:$I,9,FALSE)+SETTINGS!$C$11,"" ) | J5: Fallita | M5: =IFERROR((E5*VLOOKUP(D5,FILAMENTI_DB!$A:$J,8,FALSE))+((VLOOKUP(C5,STAMPANTI_DB!$A:$C,3,FALSE)/1000)*F5*SETTINGS!$C$6)+(F5*VLOOKUP(C5,STAMPANTI_DB!$A:$I,9,FALSE)),"")
H6: =IFERROR(E6*VLOOKUP(D6,FILAMENTI_DB!$A:$J,8,FALSE)+(VLOOKUP(C6,STAMPANTI_DB!$A:$C,3,FALSE)/1000)*F6*SETTINGS!$C$6+F6*VLOOKUP(C6,STAMPANTI_DB!$A:$I,9,FALSE)+SETTINGS!$C$11,"" ) | J6: Scarto | M6: =IFERROR((E6*VLOOKUP(D6,FILAMENTI_DB!$A:$J,8,FALSE))+((VLOOKUP(C6,STAMPANTI_DB!$A:$C,3,FALSE)/1000)*F6*SETTINGS!$C$6)+(F6*VLOOKUP(C6,STAMPANTI_DB!$A:$I,9,FALSE)),"")
H7: =IFERROR(E7*VLOOKUP(D7,FILAMENTI_DB!$A:$J,8,FALSE)+(VLOOKUP(C7,STAMPANTI_DB!$A:$C,3,FALSE)/1000)*F7*SETTINGS!$C$6+F7*VLOOKUP(C7,STAMPANTI_DB!$A:$I,9,FALSE)+SETTINGS!$C$11,"" ) | J7: Parziale | M7: =IFERROR((E7*VLOOKUP(D7,FILAMENTI_DB!$A:$J,8,FALSE))+((VLOOKUP(C7,STAMPANTI_DB!$A:$C,3,FALSE)/1000)*F7*SETTINGS!$C$6)+(F7*VLOOKUP(C7,STAMPANTI_DB!$A:$I,9,FALSE)),"")
H8: =IFERROR(E8*VLOOKUP(D8,FILAMENTI_DB!$A:$J,8,FALSE)+(VLOOKUP(C8,STAMPANTI_DB!$A:$C,3,FALSE)/1000)*F8*SETTINGS!$C$6+F8*VLOOKUP(C8,STAMPANTI_DB!$A:$I,9,FALSE)+SETTINGS!$C$11,"" ) | M8: =IFERROR((E8*VLOOKUP(D8,FILAMENTI_DB!$A:$J,8,FALSE))+((VLOOKUP(C8,STAMPANTI_DB!$A:$C,3,FALSE)/1000)*F8*SETTINGS!$C$6)+(F8*VLOOKUP(C8,STAMPANTI_DB!$A:$I,9,FALSE)),"")
H9: =IFERROR(E9*VLOOKUP(D9,FILAMENTI_DB!$A:$J,8,FALSE)+(VLOOKUP(C9,STAMPANTI_DB!$A:$C,3,FALSE)/1000)*F9*SETTINGS!$C$6+F9*VLOOKUP(C9,STAMPANTI_DB!$A:$I,9,FALSE)+SETTINGS!$C$11,"" ) | M9: =IFERROR((E9*VLOOKUP(D9,FILAMENTI_DB!$A:$J,8,FALSE))+((VLOOKUP(C9,STAMPANTI_DB!$A:$C,3,FALSE)/1000)*F9*SETTINGS!$C$6)+(F9*VLOOKUP(C9,STAMPANTI_DB!$A:$I,9,FALSE)),"")
H10: =IFERROR(E10*VLOOKUP(D10,FILAMENTI_DB!$A:$J,8,FALSE)+(VLOOKUP(C10,STAMPANTI_DB!$A:$C,3,FALSE)/1000)*F10*SETTINGS!$C$6+F10*VLOOKUP(C10,STAMPANTI_DB!$A:$I,9,FALSE)+SETTINGS!$C$11,"" ) | M10: =IFERROR((E10*VLOOKUP(D10,FILAMENTI_DB!$A:$J,8,FALSE))+((VLOOKUP(C10,STAMPANTI_DB!$A:$C,3,FALSE)/1000)*F10*SETTINGS!$C$6)+(F10*VLOOKUP(C10,STAMPANTI_DB!$A:$I,9,FALSE)),"")
H11: =IFERROR(E11*VLOOKUP(D11,FILAMENTI_DB!$A:$J,8,FALSE)+(VLOOKUP(C11,STAMPANTI_DB!$A:$C,3,FALSE)/1000)*F11*SETTINGS!$C$6+F11*VLOOKUP(C11,STAMPANTI_DB!$A:$I,9,FALSE)+SETTINGS!$C$11,"" ) | M11: =IFERROR((E11*VLOOKUP(D11,FILAMENTI_DB!$A:$J,8,FALSE))+((VLOOKUP(C11,STAMPANTI_DB!$A:$C,3,FALSE)/1000)*F11*SETTINGS!$C$6)+(F11*VLOOKUP(C11,STAMPANTI_DB!$A:$I,9,FALSE)),"")
H12: =IFERROR(E12*VLOOKUP(D12,FILAMENTI_DB!$A:$J,8,FALSE)+(VLOOKUP(C12,STAMPANTI_DB!$A:$C,3,FALSE)/1000)*F12*SETTINGS!$C$6+F12*VLOOKUP(C12,STAMPANTI_DB!$A:$I,9,FALSE)+SETTINGS!$C$11,"" ) | M12: =IFERROR((E12*VLOOKUP(D12,FILAMENTI_DB!$A:$J,8,FALSE))+((VLOOKUP(C12,STAMPANTI_DB!$A:$C,3,FALSE)/1000)*F12*SETTINGS!$C$6)+(F12*VLOOKUP(C12,STAMPANTI_DB!$A:$I,9,FALSE)),"")
H13: =IFERROR(E13*VLOOKUP(D13,FILAMENTI_DB!$A:$J,8,FALSE)+(VLOOKUP(C13,STAMPANTI_DB!$A:$C,3,FALSE)/1000)*F13*SETTINGS!$C$6+F13*VLOOKUP(C13,STAMPANTI_DB!$A:$I,9,FALSE)+SETTINGS!$C$11,"" ) | M13: =IFERROR((E13*VLOOKUP(D13,FILAMENTI_DB!$A:$J,8,FALSE))+((VLOOKUP(C13,STAMPANTI_DB!$A:$C,3,FALSE)/1000)*F13*SETTINGS!$C$6)+(F13*VLOOKUP(C13,STAMPANTI_DB!$A:$I,9,FALSE)),"")
H14: =IFERROR(E14*VLOOKUP(D14,FILAMENTI_DB!$A:$J,8,FALSE)+(VLOOKUP(C14,STAMPANTI_DB!$A:$C,3,FALSE)/1000)*F14*SETTINGS!$C$6+F14*VLOOKUP(C14,STAMPANTI_DB!$A:$I,9,FALSE)+SETTINGS!$C$11,"" ) | M14: =IFERROR((E14*VLOOKUP(D14,FILAMENTI_DB!$A:$J,8,FALSE))+((VLOOKUP(C14,STAMPANTI_DB!$A:$C,3,FALSE)/1000)*F14*SETTINGS!$C$6)+(F14*VLOOKUP(C14,STAMPANTI_DB!$A:$I,9,FALSE)),"")
H15: =IFERROR(E15*VLOOKUP(D15,FILAMENTI_DB!$A:$J,8,FALSE)+(VLOOKUP(C15,STAMPANTI_DB!$A:$C,3,FALSE)/1000)*F15*SETTINGS!$C$6+F15*VLOOKUP(C15,STAMPANTI_DB!$A:$I,9,FALSE)+SETTINGS!$C$11,"" ) | M15: =IFERROR((E15*VLOOKUP(D15,FILAMENTI_DB!$A:$J,8,FALSE))+((VLOOKUP(C15,STAMPANTI_DB!$A:$C,3,FALSE)/1000)*F15*SETTINGS!$C$6)+(F15*VLOOKUP(C15,STAMPANTI_DB!$A:$I,9,FALSE)),"")
H16: =IFERROR(E16*VLOOKUP(D16,FILAMENTI_DB!$A:$J,8,FALSE)+(VLOOKUP(C16,STAMPANTI_DB!$A:$C,3,FALSE)/1000)*F16*SETTINGS!$C$6+F16*VLOOKUP(C16,STAMPANTI_DB!$A:$I,9,FALSE)+SETTINGS!$C$11,"" ) | M16: =IFERROR((E16*VLOOKUP(D16,FILAMENTI_DB!$A:$J,8,FALSE))+((VLOOKUP(C16,STAMPANTI_DB!$A:$C,3,FALSE)/1000)*F16*SETTINGS!$C$6)+(F16*VLOOKUP(C16,STAMPANTI_DB!$A:$I,9,FALSE)),"")
H17: =IFERROR(E17*VLOOKUP(D17,FILAMENTI_DB!$A:$J,8,FALSE)+(VLOOKUP(C17,STAMPANTI_DB!$A:$C,3,FALSE)/1000)*F17*SETTINGS!$C$6+F17*VLOOKUP(C17,STAMPANTI_DB!$A:$I,9,FALSE)+SETTINGS!$C$11,"" ) | M17: =IFERROR((E17*VLOOKUP(D17,FILAMENTI_DB!$A:$J,8,FALSE))+((VLOOKUP(C17,STAMPANTI_DB!$A:$C,3,FALSE)/1000)*F17*SETTINGS!$C$6)+(F17*VLOOKUP(C17,STAMPANTI_DB!$A:$I,9,FALSE)),"")
H18: =IFERROR(E18*VLOOKUP(D18,FILAMENTI_DB!$A:$J,8,FALSE)+(VLOOKUP(C18,STAMPANTI_DB!$A:$C,3,FALSE)/1000)*F18*SETTINGS!$C$6+F18*VLOOKUP(C18,STAMPANTI_DB!$A:$I,9,FALSE)+SETTINGS!$C$11,"" ) | M18: =IFERROR((E18*VLOOKUP(D18,FILAMENTI_DB!$A:$J,8,FALSE))+((VLOOKUP(C18,STAMPANTI_DB!$A:$C,3,FALSE)/1000)*F18*SETTINGS!$C$6)+(F18*VLOOKUP(C18,STAMPANTI_DB!$A:$I,9,FALSE)),"")
H19: =IFERROR(E19*VLOOKUP(D19,FILAMENTI_DB!$A:$J,8,FALSE)+(VLOOKUP(C19,STAMPANTI_DB!$A:$C,3,FALSE)/1000)*F19*SETTINGS!$C$6+F19*VLOOKUP(C19,STAMPANTI_DB!$A:$I,9,FALSE)+SETTINGS!$C$11,"" ) | M19: =IFERROR((E19*VLOOKUP(D19,FILAMENTI_DB!$A:$J,8,FALSE))+((VLOOKUP(C19,STAMPANTI_DB!$A:$C,3,FALSE)/1000)*F19*SETTINGS!$C$6)+(F19*VLOOKUP(C19,STAMPANTI_DB!$A:$I,9,FALSE)),"")
... H504: =IFERROR(E504*VLOOKUP(D504,FILAMENTI_DB!$A:$J,8,FALSE)+(VLOOKUP(C504,STAMPANTI_DB!$A:$C,3,FALSE)/1000)*F504*SETTINGS!$C$6+F504*VLOOKUP(C504,STAMPANTI_DB!$A:$I,9,FALSE)+SETTINGS!$C$11,"" ) | M504: =IFERROR((E504*VLOOKUP(D504,FILAMENTI_DB!$A:$J,8,FALSE))+((VLOOKUP(C504,STAMPANTI_DB!$A:$C,3,FALSE)/1000)*F504*SETTINGS!$C$6)+(F504*VLOOKUP(C504,STAMPANTI_DB!$A:$I,9,FALSE)),"")
M505: =IFERROR((E505*VLOOKUP(D505,FILAMENTI_DB!$A:$J,8,FALSE))+((VLOOKUP(C505,STAMPANTI_DB!$A:$C,3,FALSE)/1000)*F505*SETTINGS!$C$6)+(F505*VLOOKUP(C505,STAMPANTI_DB!$A:$I,9,FALSE)),"")
M506: =IFERROR((E506*VLOOKUP(D506,FILAMENTI_DB!$A:$J,8,FALSE))+((VLOOKUP(C506,STAMPANTI_DB!$A:$C,3,FALSE)/1000)*F506*SETTINGS!$C$6)+(F506*VLOOKUP(C506,STAMPANTI_DB!$A:$I,9,FALSE)),"")
M507: =IFERROR((E507*VLOOKUP(D507,FILAMENTI_DB!$A:$J,8,FALSE))+((VLOOKUP(C507,STAMPANTI_DB!$A:$C,3,FALSE)/1000)*F507*SETTINGS!$C$6)+(F507*VLOOKUP(C507,STAMPANTI_DB!$A:$I,9,FALSE)),"")
M508: =IFERROR((E508*VLOOKUP(D508,FILAMENTI_DB!$A:$J,8,FALSE))+((VLOOKUP(C508,STAMPANTI_DB!$A:$C,3,FALSE)/1000)*F508*SETTINGS!$C$6)+(F508*VLOOKUP(C508,STAMPANTI_DB!$A:$I,9,FALSE)),"")
M509: =IFERROR((E509*VLOOKUP(D509,FILAMENTI_DB!$A:$J,8,FALSE))+((VLOOKUP(C509,STAMPANTI_DB!$A:$C,3,FALSE)/1000)*F509*SETTINGS!$C$6)+(F509*VLOOKUP(C509,STAMPANTI_DB!$A:$I,9,FALSE)),"")
M510: =IFERROR((E510*VLOOKUP(D510,FILAMENTI_DB!$A:$J,8,FALSE))+((VLOOKUP(C510,STAMPANTI_DB!$A:$C,3,FALSE)/1000)*F510*SETTINGS!$C$6)+(F510*VLOOKUP(C510,STAMPANTI_DB!$A:$I,9,FALSE)),"")
M511: =IFERROR((E511*VLOOKUP(D511,FILAMENTI_DB!$A:$J,8,FALSE))+((VLOOKUP(C511,STAMPANTI_DB!$A:$C,3,FALSE)/1000)*F511*SETTINGS!$C$6)+(F511*VLOOKUP(C511,STAMPANTI_DB!$A:$I,9,FALSE)),"")
M512: =IFERROR((E512*VLOOKUP(D512,FILAMENTI_DB!$A:$J,8,FALSE))+((VLOOKUP(C512,STAMPANTI_DB!$A:$C,3,FALSE)/1000)*F512*SETTINGS!$C$6)+(F512*VLOOKUP(C512,STAMPANTI_DB!$A:$I,9,FALSE)),"")
M513: =IFERROR((E513*VLOOKUP(D513,FILAMENTI_DB!$A:$J,8,FALSE))+((VLOOKUP(C513,STAMPANTI_DB!$A:$C,3,FALSE)/1000)*F513*SETTINGS!$C$6)+(F513*VLOOKUP(C513,STAMPANTI_DB!$A:$I,9,FALSE)),"")
M514: =IFERROR((E514*VLOOKUP(D514,FILAMENTI_DB!$A:$J,8,FALSE))+((VLOOKUP(C514,STAMPANTI_DB!$A:$C,3,FALSE)/1000)*F514*SETTINGS!$C$6)+(F514*VLOOKUP(C514,STAMPANTI_DB!$A:$I,9,FALSE)),"")
M515: =IFERROR((E515*VLOOKUP(D515,FILAMENTI_DB!$A:$J,8,FALSE))+((VLOOKUP(C515,STAMPANTI_DB!$A:$C,3,FALSE)/1000)*F515*SETTINGS!$C$6)+(F515*VLOOKUP(C515,STAMPANTI_DB!$A:$I,9,FALSE)),"")
M516: =IFERROR((E516*VLOOKUP(D516,FILAMENTI_DB!$A:$J,8,FALSE))+((VLOOKUP(C516,STAMPANTI_DB!$A:$C,3,FALSE)/1000)*F516*SETTINGS!$C$6)+(F516*VLOOKUP(C516,STAMPANTI_DB!$A:$I,9,FALSE)),"")
... M1000: =IFERROR((E1000*VLOOKUP(D1000,FILAMENTI_DB!$A:$J,8,FALSE))+((VLOOKUP(C1000,STAMPANTI_DB!$A:$C,3,FALSE)/1000)*F1000*SETTINGS!$C$6)+(F1000*VLOOKUP(C1000,STAMPANTI_DB!$A:$I,9,FALSE)),"")
